age,modality,referral_type,procedure_count
0.0,CT,Emergency,212
0.0,CT,GP,2
0.0,CT,Inpatient,443
0.0,CT,Other/Unknown,25
0.0,CT,Outpatient,103
0.0,Endoscopy,Inpatient,2
0.0,Endoscopy,Other/Unknown,1
0.0,MRI,Emergency,6
0.0,MRI,GP,10
0.0,MRI,Inpatient,584
0.0,MRI,Other/Unknown,108
0.0,MRI,Outpatient,288
1.0,CT,Emergency,167
1.0,CT,Inpatient,137
1.0,CT,Other/Unknown,7
1.0,CT,Outpatient,67
1.0,Endoscopy,Other/Unknown,1
1.0,MRI,Emergency,1
1.0,MRI,Inpatient,132
1.0,MRI,Other/Unknown,133
1.0,MRI,Outpatient,163
2.0,CT,Emergency,111
2.0,CT,Inpatient,93
2.0,CT,Other/Unknown,3
2.0,CT,Outpatient,37
2.0,Endoscopy,Other/Unknown,3
2.0,MRI,Emergency,4
2.0,MRI,GP,1
2.0,MRI,Inpatient,105
2.0,MRI,Other/Unknown,134
2.0,MRI,Outpatient,154
3.0,CT,Emergency,136
3.0,CT,GP,1
3.0,CT,Inpatient,145
3.0,CT,Other/Unknown,8
3.0,CT,Outpatient,41
3.0,Endoscopy,Other/Unknown,4
3.0,MRI,Emergency,10
3.0,MRI,GP,1
3.0,MRI,Inpatient,107
3.0,MRI,Other/Unknown,134
3.0,MRI,Outpatient,182
4.0,CT,Emergency,144
4.0,CT,Inpatient,91
4.0,CT,Other/Unknown,6
4.0,CT,Outpatient,58
4.0,MRI,Emergency,6
4.0,MRI,GP,1
4.0,MRI,Inpatient,134
4.0,MRI,Other/Unknown,130
4.0,MRI,Outpatient,196
5.0,CT,Emergency,102
5.0,CT,Inpatient,77
5.0,CT,Other/Unknown,7
5.0,CT,Outpatient,50
5.0,Endoscopy,Inpatient,1
5.0,MRI,Emergency,7
5.0,MRI,GP,1
5.0,MRI,Inpatient,96
5.0,MRI,Other/Unknown,102
5.0,MRI,Outpatient,298
6.0,CT,Emergency,129
6.0,CT,Inpatient,90
6.0,CT,Other/Unknown,4
6.0,CT,Outpatient,61
6.0,Endoscopy,Other/Unknown,1
6.0,MRI,Emergency,2
6.0,MRI,GP,4
6.0,MRI,Inpatient,85
6.0,MRI,Other/Unknown,84
6.0,MRI,Outpatient,338
7.0,CT,Emergency,110
7.0,CT,Inpatient,59
7.0,CT,Other/Unknown,2
7.0,CT,Outpatient,77
7.0,MRI,Emergency,12
7.0,MRI,GP,3
7.0,MRI,Inpatient,100
7.0,MRI,Other/Unknown,87
7.0,MRI,Outpatient,388
8.0,CT,Emergency,122
8.0,CT,GP,2
8.0,CT,Inpatient,83
8.0,CT,Other/Unknown,5
8.0,CT,Outpatient,58
8.0,Endoscopy,Other/Unknown,2
8.0,MRI,Emergency,6
8.0,MRI,GP,10
8.0,MRI,Inpatient,132
8.0,MRI,Other/Unknown,64
8.0,MRI,Outpatient,504
9.0,CT,Emergency,104
9.0,CT,Inpatient,99
9.0,CT,Other/Unknown,14
9.0,CT,Outpatient,107
9.0,Endoscopy,Other/Unknown,1
9.0,MRI,Emergency,17
9.0,MRI,GP,9
9.0,MRI,Inpatient,96
9.0,MRI,Other/Unknown,58
9.0,MRI,Outpatient,590
10.0,CT,Emergency,140
10.0,CT,Inpatient,106
10.0,CT,Other/Unknown,7
10.0,CT,Outpatient,92
10.0,Endoscopy,Other/Unknown,1
10.0,MRI,Emergency,21
10.0,MRI,GP,13
10.0,MRI,Inpatient,141
10.0,MRI,Other/Unknown,56
10.0,MRI,Outpatient,734
11.0,CT,Emergency,163
11.0,CT,GP,1
11.0,CT,Inpatient,101
11.0,CT,Other/Unknown,10
11.0,CT,Outpatient,111
11.0,Endoscopy,Inpatient,1
11.0,Endoscopy,Other/Unknown,2
11.0,MRI,Emergency,11
11.0,MRI,GP,18
11.0,MRI,Inpatient,134
11.0,MRI,Other/Unknown,41
11.0,MRI,Outpatient,836
12.0,CT,Emergency,226
12.0,CT,GP,1
12.0,CT,Inpatient,90
12.0,CT,Other/Unknown,12
12.0,CT,Outpatient,143
12.0,Endoscopy,Other/Unknown,1
12.0,MRI,Emergency,21
12.0,MRI,GP,20
12.0,MRI,Inpatient,151
12.0,MRI,Other/Unknown,36
12.0,MRI,Outpatient,1036
13.0,CT,Emergency,228
13.0,CT,GP,3
13.0,CT,Inpatient,110
13.0,CT,Other/Unknown,10
13.0,CT,Outpatient,180
13.0,Endoscopy,Other/Unknown,4
13.0,MRI,Emergency,23
13.0,MRI,GP,31
13.0,MRI,Inpatient,155
13.0,MRI,Other/Unknown,37
13.0,MRI,Outpatient,1229
14.0,CT,Emergency,324
14.0,CT,GP,5
14.0,CT,Inpatient,170
14.0,CT,Other/Unknown,9
14.0,CT,Outpatient,251
14.0,Endoscopy,Inpatient,2
14.0,Endoscopy,Other/Unknown,2
14.0,MRI,Emergency,37
14.0,MRI,GP,38
14.0,MRI,Inpatient,230
14.0,MRI,Other/Unknown,37
14.0,MRI,Outpatient,1399
15.0,CT,Emergency,343
15.0,CT,GP,4
15.0,CT,Inpatient,178
15.0,CT,Other/Unknown,20
15.0,CT,Outpatient,272
15.0,Endoscopy,Other/Unknown,2
15.0,MRI,Emergency,21
15.0,MRI,GP,62
15.0,MRI,Inpatient,218
15.0,MRI,Other/Unknown,25
15.0,MRI,Outpatient,1489
16.0,CT,Emergency,472
16.0,CT,GP,11
16.0,CT,Inpatient,252
16.0,CT,Other/Unknown,13
16.0,CT,Outpatient,284
16.0,Endoscopy,Inpatient,7
16.0,Endoscopy,Other/Unknown,4
16.0,MRI,Emergency,32
16.0,MRI,GP,117
16.0,MRI,Inpatient,151
16.0,MRI,Other/Unknown,27
16.0,MRI,Outpatient,1584
17.0,CT,Emergency,663
17.0,CT,GP,26
17.0,CT,Inpatient,240
17.0,CT,Other/Unknown,13
17.0,CT,Outpatient,302
17.0,Endoscopy,Inpatient,6
17.0,Endoscopy,Other/Unknown,7
17.0,MRI,Emergency,49
17.0,MRI,GP,185
17.0,MRI,Inpatient,175
17.0,MRI,Other/Unknown,29
17.0,MRI,Outpatient,1473
18.0,CT,Emergency,960
18.0,CT,GP,43
18.0,CT,Inpatient,328
18.0,CT,Other/Unknown,19
18.0,CT,Outpatient,366
18.0,Endoscopy,Inpatient,1
18.0,Endoscopy,Other/Unknown,6
18.0,Endoscopy,Outpatient,2
18.0,MRI,Emergency,46
18.0,MRI,GP,188
18.0,MRI,Inpatient,164
18.0,MRI,Other/Unknown,23
18.0,MRI,Outpatient,1315
19.0,CT,Emergency,1015
19.0,CT,GP,62
19.0,CT,Inpatient,313
19.0,CT,Other/Unknown,17
19.0,CT,Outpatient,360
19.0,Endoscopy,Inpatient,1
19.0,Endoscopy,Other/Unknown,1
19.0,Endoscopy,Outpatient,3
19.0,MRI,Emergency,60
19.0,MRI,GP,207
19.0,MRI,Inpatient,136
19.0,MRI,Other/Unknown,25
19.0,MRI,Outpatient,1242
20.0,CT,Emergency,1098
20.0,CT,GP,74
20.0,CT,Inpatient,388
20.0,CT,Other/Unknown,26
20.0,CT,Outpatient,367
20.0,Endoscopy,Inpatient,1
20.0,Endoscopy,Other/Unknown,4
20.0,MRI,Emergency,73
20.0,MRI,GP,258
20.0,MRI,Inpatient,152
20.0,MRI,Other/Unknown,42
20.0,MRI,Outpatient,1312
21.0,CT,Emergency,1074
21.0,CT,GP,84
21.0,CT,Inpatient,393
21.0,CT,Other/Unknown,23
21.0,CT,Outpatient,378
21.0,Endoscopy,Other/Unknown,1
21.0,MRI,Emergency,87
21.0,MRI,GP,291
21.0,MRI,Inpatient,150
21.0,MRI,Other/Unknown,41
21.0,MRI,Outpatient,1306
22.0,CT,Emergency,932
22.0,CT,GP,99
22.0,CT,Inpatient,390
22.0,CT,Other/Unknown,26
22.0,CT,Outpatient,372
22.0,Endoscopy,Inpatient,4
22.0,Endoscopy,Other/Unknown,8
22.0,MRI,Emergency,85
22.0,MRI,GP,296
22.0,MRI,Inpatient,182
22.0,MRI,Other/Unknown,36
22.0,MRI,Outpatient,1278
23.0,CT,Emergency,943
23.0,CT,GP,111
23.0,CT,Inpatient,409
23.0,CT,Other/Unknown,29
23.0,CT,Outpatient,423
23.0,Endoscopy,Inpatient,2
23.0,Endoscopy,Other/Unknown,12
23.0,Endoscopy,Outpatient,1
23.0,MRI,Emergency,62
23.0,MRI,GP,311
23.0,MRI,Inpatient,199
23.0,MRI,Other/Unknown,49
23.0,MRI,Outpatient,1386
24.0,CT,Emergency,1037
24.0,CT,GP,109
24.0,CT,Inpatient,521
24.0,CT,Other/Unknown,39
24.0,CT,Outpatient,443
24.0,Endoscopy,Inpatient,6
24.0,Endoscopy,Other/Unknown,13
24.0,Endoscopy,Outpatient,3
24.0,MRI,Emergency,83
24.0,MRI,GP,366
24.0,MRI,Inpatient,208
24.0,MRI,Other/Unknown,58
24.0,MRI,Outpatient,1417
25.0,CT,Emergency,991
25.0,CT,GP,131
25.0,CT,Inpatient,528
25.0,CT,Other/Unknown,31
25.0,CT,Outpatient,503
25.0,Endoscopy,Inpatient,9
25.0,Endoscopy,Other/Unknown,8
25.0,MRI,Emergency,81
25.0,MRI,GP,375
25.0,MRI,Inpatient,231
25.0,MRI,Other/Unknown,33
25.0,MRI,Outpatient,1728
26.0,CT,Emergency,1079
26.0,CT,GP,133
26.0,CT,Inpatient,493
26.0,CT,Other/Unknown,38
26.0,CT,Outpatient,518
26.0,Endoscopy,Inpatient,7
26.0,Endoscopy,Other/Unknown,15
26.0,Endoscopy,Outpatient,1
26.0,MRI,Emergency,78
26.0,MRI,GP,410
26.0,MRI,Inpatient,218
26.0,MRI,Other/Unknown,44
26.0,MRI,Outpatient,1675
27.0,CT,Emergency,1100
27.0,CT,GP,156
27.0,CT,Inpatient,580
27.0,CT,Other/Unknown,33
27.0,CT,Outpatient,527
27.0,Endoscopy,GP,1
27.0,Endoscopy,Inpatient,9
27.0,Endoscopy,Other/Unknown,11
27.0,Endoscopy,Outpatient,4
27.0,MRI,Emergency,99
27.0,MRI,GP,394
27.0,MRI,Inpatient,215
27.0,MRI,Other/Unknown,47
27.0,MRI,Outpatient,1885
28.0,CT,Emergency,1106
28.0,CT,GP,185
28.0,CT,Inpatient,566
28.0,CT,Other/Unknown,34
28.0,CT,Outpatient,593
28.0,Endoscopy,Emergency,2
28.0,Endoscopy,Inpatient,8
28.0,Endoscopy,Other/Unknown,20
28.0,Endoscopy,Outpatient,3
28.0,MRI,Emergency,121
28.0,MRI,GP,446
28.0,MRI,Inpatient,250
28.0,MRI,Other/Unknown,58
28.0,MRI,Outpatient,1751
29.0,CT,Emergency,1197
29.0,CT,GP,163
29.0,CT,Inpatient,714
29.0,CT,Other/Unknown,60
29.0,CT,Outpatient,640
29.0,Endoscopy,Inpatient,14
29.0,Endoscopy,Other/Unknown,16
29.0,Endoscopy,Outpatient,5
29.0,MRI,Emergency,133
29.0,MRI,GP,445
29.0,MRI,Inpatient,289
29.0,MRI,Other/Unknown,55
29.0,MRI,Outpatient,1962
30.0,CT,Emergency,1283
30.0,CT,GP,232
30.0,CT,Inpatient,693
30.0,CT,Other/Unknown,40
30.0,CT,Outpatient,726
30.0,Endoscopy,Inpatient,12
30.0,Endoscopy,Other/Unknown,18
30.0,Endoscopy,Outpatient,2
30.0,MRI,Emergency,151
30.0,MRI,GP,458
30.0,MRI,Inpatient,250
30.0,MRI,Other/Unknown,67
30.0,MRI,Outpatient,2200
31.0,CT,Emergency,1289
31.0,CT,GP,166
31.0,CT,Inpatient,692
31.0,CT,Other/Unknown,50
31.0,CT,Outpatient,821
31.0,Endoscopy,Inpatient,11
31.0,Endoscopy,Other/Unknown,14
31.0,Endoscopy,Outpatient,5
31.0,MRI,Emergency,164
31.0,MRI,GP,568
31.0,MRI,Inpatient,308
31.0,MRI,Other/Unknown,66
31.0,MRI,Outpatient,2231
32.0,CT,Emergency,1326
32.0,CT,GP,241
32.0,CT,Inpatient,763
32.0,CT,Other/Unknown,60
32.0,CT,Outpatient,857
32.0,Endoscopy,Inpatient,12
32.0,Endoscopy,Other/Unknown,9
32.0,Endoscopy,Outpatient,3
32.0,MRI,Emergency,174
32.0,MRI,GP,541
32.0,MRI,Inpatient,320
32.0,MRI,Other/Unknown,70
32.0,MRI,Outpatient,2343
33.0,CT,Emergency,1360
33.0,CT,GP,272
33.0,CT,Inpatient,809
33.0,CT,Other/Unknown,51
33.0,CT,Outpatient,947
33.0,Endoscopy,Inpatient,9
33.0,Endoscopy,Other/Unknown,29
33.0,Endoscopy,Outpatient,8
33.0,MRI,Emergency,174
33.0,MRI,GP,558
33.0,MRI,Inpatient,347
33.0,MRI,Other/Unknown,88
33.0,MRI,Outpatient,2519
34.0,CT,Emergency,1407
34.0,CT,GP,259
34.0,CT,Inpatient,869
34.0,CT,Other/Unknown,56
34.0,CT,Outpatient,964
34.0,Endoscopy,Inpatient,12
34.0,Endoscopy,Other/Unknown,21
34.0,Endoscopy,Outpatient,3
34.0,MRI,Emergency,184
34.0,MRI,GP,604
34.0,MRI,Inpatient,347
34.0,MRI,Other/Unknown,63
34.0,MRI,Outpatient,2616
35.0,CT,Emergency,1530
35.0,CT,GP,273
35.0,CT,Inpatient,890
35.0,CT,Other/Unknown,62
35.0,CT,Outpatient,1062
35.0,Endoscopy,Inpatient,7
35.0,Endoscopy,Other/Unknown,19
35.0,Endoscopy,Outpatient,5
35.0,MRI,Emergency,202
35.0,MRI,GP,606
35.0,MRI,Inpatient,299
35.0,MRI,Other/Unknown,69
35.0,MRI,Outpatient,2697
36.0,CT,Emergency,1517
36.0,CT,GP,301
36.0,CT,Inpatient,860
36.0,CT,Other/Unknown,65
36.0,CT,Outpatient,1077
36.0,Endoscopy,Emergency,1
36.0,Endoscopy,Inpatient,24
36.0,Endoscopy,Other/Unknown,34
36.0,Endoscopy,Outpatient,4
36.0,MRI,Emergency,175
36.0,MRI,GP,659
36.0,MRI,Inpatient,360
36.0,MRI,Other/Unknown,63
36.0,MRI,Outpatient,2843
37.0,CT,Emergency,1354
37.0,CT,GP,304
37.0,CT,Inpatient,881
37.0,CT,Other/Unknown,55
37.0,CT,Outpatient,1158
37.0,Endoscopy,Inpatient,19
37.0,Endoscopy,Other/Unknown,30
37.0,Endoscopy,Outpatient,4
37.0,MRI,Emergency,192
37.0,MRI,GP,597
37.0,MRI,Inpatient,374
37.0,MRI,Other/Unknown,61
37.0,MRI,Outpatient,2716
38.0,CT,Emergency,1428
38.0,CT,GP,336
38.0,CT,Inpatient,955
38.0,CT,Other/Unknown,47
38.0,CT,Outpatient,1179
38.0,Endoscopy,Inpatient,16
38.0,Endoscopy,Other/Unknown,16
38.0,Endoscopy,Outpatient,4
38.0,MRI,Emergency,191
38.0,MRI,GP,662
38.0,MRI,Inpatient,347
38.0,MRI,Other/Unknown,64
38.0,MRI,Outpatient,2804
39.0,CT,Emergency,1431
39.0,CT,GP,354
39.0,CT,Inpatient,945
39.0,CT,Other/Unknown,59
39.0,CT,Outpatient,1251
39.0,Endoscopy,Inpatient,6
39.0,Endoscopy,Other/Unknown,22
39.0,Endoscopy,Outpatient,8
39.0,MRI,Emergency,175
39.0,MRI,GP,690
39.0,MRI,Inpatient,333
39.0,MRI,Other/Unknown,60
39.0,MRI,Outpatient,2850
40.0,CT,Emergency,1574
40.0,CT,GP,407
40.0,CT,Inpatient,958
40.0,CT,Other/Unknown,69
40.0,CT,Outpatient,1374
40.0,Endoscopy,Inpatient,14
40.0,Endoscopy,Other/Unknown,19
40.0,Endoscopy,Outpatient,2
40.0,MRI,Emergency,178
40.0,MRI,GP,624
40.0,MRI,Inpatient,346
40.0,MRI,Other/Unknown,65
40.0,MRI,Outpatient,2862
41.0,CT,Emergency,1578
41.0,CT,GP,386
41.0,CT,Inpatient,962
41.0,CT,Other/Unknown,63
41.0,CT,Outpatient,1402
41.0,Endoscopy,Inpatient,10
41.0,Endoscopy,Other/Unknown,25
41.0,Endoscopy,Outpatient,6
41.0,MRI,Emergency,206
41.0,MRI,GP,655
41.0,MRI,Inpatient,349
41.0,MRI,Other/Unknown,61
41.0,MRI,Outpatient,2822
42.0,CT,Emergency,1524
42.0,CT,GP,437
42.0,CT,Inpatient,1080
42.0,CT,Other/Unknown,60
42.0,CT,Outpatient,1524
42.0,Endoscopy,Inpatient,16
42.0,Endoscopy,Other/Unknown,29
42.0,Endoscopy,Outpatient,5
42.0,MRI,Emergency,184
42.0,MRI,GP,694
42.0,MRI,Inpatient,340
42.0,MRI,Other/Unknown,59
42.0,MRI,Outpatient,3085
43.0,CT,Emergency,1572
43.0,CT,GP,452
43.0,CT,Inpatient,1027
43.0,CT,Other/Unknown,65
43.0,CT,Outpatient,1618
43.0,Endoscopy,Emergency,1
43.0,Endoscopy,Inpatient,11
43.0,Endoscopy,Other/Unknown,46
43.0,Endoscopy,Outpatient,7
43.0,MRI,Emergency,164
43.0,MRI,GP,693
43.0,MRI,Inpatient,383
43.0,MRI,Other/Unknown,56
43.0,MRI,Outpatient,2984
44.0,CT,Emergency,1523
44.0,CT,GP,459
44.0,CT,Inpatient,1069
44.0,CT,Other/Unknown,54
44.0,CT,Outpatient,1729
44.0,Endoscopy,Emergency,1
44.0,Endoscopy,Inpatient,14
44.0,Endoscopy,Other/Unknown,33
44.0,Endoscopy,Outpatient,3
44.0,MRI,Emergency,166
44.0,MRI,GP,740
44.0,MRI,Inpatient,361
44.0,MRI,Other/Unknown,64
44.0,MRI,Outpatient,3027
45.0,CT,Emergency,1499
45.0,CT,GP,483
45.0,CT,Inpatient,1001
45.0,CT,Other/Unknown,64
45.0,CT,Outpatient,1783
45.0,Endoscopy,Inpatient,13
45.0,Endoscopy,Other/Unknown,22
45.0,Endoscopy,Outpatient,6
45.0,MRI,Emergency,174
45.0,MRI,GP,639
45.0,MRI,Inpatient,421
45.0,MRI,Other/Unknown,70
45.0,MRI,Outpatient,3055
46.0,CT,Emergency,1490
46.0,CT,GP,464
46.0,CT,Inpatient,996
46.0,CT,Other/Unknown,62
46.0,CT,Outpatient,1785
46.0,Endoscopy,Inpatient,19
46.0,Endoscopy,Other/Unknown,32
46.0,Endoscopy,Outpatient,4
46.0,MRI,Emergency,163
46.0,MRI,GP,562
46.0,MRI,Inpatient,331
46.0,MRI,Other/Unknown,57
46.0,MRI,Outpatient,2925
47.0,CT,Emergency,1389
47.0,CT,GP,484
47.0,CT,Inpatient,1040
47.0,CT,Other/Unknown,67
47.0,CT,Outpatient,1778
47.0,Endoscopy,Inpatient,18
47.0,Endoscopy,Other/Unknown,30
47.0,Endoscopy,Outpatient,7
47.0,MRI,Emergency,153
47.0,MRI,GP,652
47.0,MRI,Inpatient,413
47.0,MRI,Other/Unknown,72
47.0,MRI,Outpatient,2728
48.0,CT,Emergency,1541
48.0,CT,GP,483
48.0,CT,Inpatient,1156
48.0,CT,Other/Unknown,78
48.0,CT,Outpatient,2010
48.0,Endoscopy,Emergency,1
48.0,Endoscopy,Inpatient,20
48.0,Endoscopy,Other/Unknown,37
48.0,Endoscopy,Outpatient,5
48.0,MRI,Emergency,155
48.0,MRI,GP,651
48.0,MRI,Inpatient,367
48.0,MRI,Other/Unknown,67
48.0,MRI,Outpatient,3023
49.0,CT,Emergency,1491
49.0,CT,GP,563
49.0,CT,Inpatient,1166
49.0,CT,Other/Unknown,76
49.0,CT,Outpatient,2094
49.0,Endoscopy,Inpatient,20
49.0,Endoscopy,Other/Unknown,34
49.0,Endoscopy,Outpatient,9
49.0,MRI,Emergency,171
49.0,MRI,GP,721
49.0,MRI,Inpatient,389
49.0,MRI,Other/Unknown,69
49.0,MRI,Outpatient,3189
50.0,CT,Emergency,1881
50.0,CT,GP,599
50.0,CT,Inpatient,1225
50.0,CT,Other/Unknown,75
50.0,CT,Outpatient,2409
50.0,Endoscopy,Inpatient,18
50.0,Endoscopy,Other/Unknown,32
50.0,Endoscopy,Outpatient,6
50.0,MRI,Emergency,184
50.0,MRI,GP,775
50.0,MRI,Inpatient,489
50.0,MRI,Other/Unknown,61
50.0,MRI,Outpatient,3448
51.0,CT,Emergency,1793
51.0,CT,GP,669
51.0,CT,Inpatient,1356
51.0,CT,Other/Unknown,82
51.0,CT,Outpatient,2823
51.0,Endoscopy,Inpatient,14
51.0,Endoscopy,Other/Unknown,32
51.0,Endoscopy,Outpatient,5
51.0,MRI,Emergency,205
51.0,MRI,GP,801
51.0,MRI,Inpatient,486
51.0,MRI,Other/Unknown,80
51.0,MRI,Outpatient,3381
52.0,CT,Emergency,1997
52.0,CT,GP,770
52.0,CT,Inpatient,1632
52.0,CT,Other/Unknown,88
52.0,CT,Outpatient,2988
52.0,Endoscopy,Inpatient,29
52.0,Endoscopy,Other/Unknown,41
52.0,Endoscopy,Outpatient,10
52.0,MRI,Emergency,182
52.0,MRI,GP,836
52.0,MRI,Inpatient,531
52.0,MRI,Other/Unknown,71
52.0,MRI,Outpatient,3692
53.0,CT,Emergency,2081
53.0,CT,GP,786
53.0,CT,Inpatient,1593
53.0,CT,Other/Unknown,93
53.0,CT,Outpatient,3369
53.0,Endoscopy,Inpatient,35
53.0,Endoscopy,Other/Unknown,67
53.0,Endoscopy,Outpatient,14
53.0,MRI,Emergency,221
53.0,MRI,GP,884
53.0,MRI,Inpatient,547
53.0,MRI,Other/Unknown,77
53.0,MRI,Outpatient,3945
54.0,CT,Emergency,2101
54.0,CT,GP,807
54.0,CT,Inpatient,1630
54.0,CT,Other/Unknown,93
54.0,CT,Outpatient,3506
54.0,Endoscopy,Inpatient,32
54.0,Endoscopy,Other/Unknown,52
54.0,Endoscopy,Outpatient,17
54.0,MRI,Emergency,178
54.0,MRI,GP,832
54.0,MRI,Inpatient,584
54.0,MRI,Other/Unknown,81
54.0,MRI,Outpatient,4035
55.0,CT,Emergency,1998
55.0,CT,GP,956
55.0,CT,Inpatient,1740
55.0,CT,Other/Unknown,73
55.0,CT,Outpatient,4283
55.0,Endoscopy,Inpatient,33
55.0,Endoscopy,Other/Unknown,33
55.0,Endoscopy,Outpatient,15
55.0,MRI,Emergency,199
55.0,MRI,GP,880
55.0,MRI,Inpatient,558
55.0,MRI,Other/Unknown,76
55.0,MRI,Outpatient,4212
56.0,CT,Emergency,2226
56.0,CT,GP,882
56.0,CT,Inpatient,1765
56.0,CT,Other/Unknown,106
56.0,CT,Outpatient,4591
56.0,Endoscopy,Inpatient,43
56.0,Endoscopy,Other/Unknown,67
56.0,Endoscopy,Outpatient,24
56.0,MRI,Emergency,200
56.0,MRI,GP,868
56.0,MRI,Inpatient,605
56.0,MRI,Other/Unknown,99
56.0,MRI,Outpatient,4267
57.0,CT,Emergency,2212
57.0,CT,GP,927
57.0,CT,Inpatient,1901
57.0,CT,Other/Unknown,129
57.0,CT,Outpatient,4915
57.0,Endoscopy,Inpatient,47
57.0,Endoscopy,Other/Unknown,52
57.0,Endoscopy,Outpatient,19
57.0,MRI,Emergency,220
57.0,MRI,GP,906
57.0,MRI,Inpatient,652
57.0,MRI,Other/Unknown,89
57.0,MRI,Outpatient,4312
58.0,CT,Emergency,2419
58.0,CT,GP,1037
58.0,CT,Inpatient,2069
58.0,CT,Other/Unknown,119
58.0,CT,Outpatient,5436
58.0,Endoscopy,Inpatient,42
58.0,Endoscopy,Other/Unknown,85
58.0,Endoscopy,Outpatient,20
58.0,MRI,Emergency,205
58.0,MRI,GP,843
58.0,MRI,Inpatient,740
58.0,MRI,Other/Unknown,103
58.0,MRI,Outpatient,4676
59.0,CT,Emergency,2618
59.0,CT,GP,1078
59.0,CT,Inpatient,2017
59.0,CT,Other/Unknown,132
59.0,CT,Outpatient,5490
59.0,Endoscopy,GP,1
59.0,Endoscopy,Inpatient,48
59.0,Endoscopy,Other/Unknown,51
59.0,Endoscopy,Outpatient,17
59.0,MRI,Emergency,194
59.0,MRI,GP,952
59.0,MRI,Inpatient,722
59.0,MRI,Other/Unknown,98
59.0,MRI,Outpatient,4741
60.0,CT,Emergency,2621
60.0,CT,GP,1113
60.0,CT,Inpatient,2202
60.0,CT,Other/Unknown,140
60.0,CT,Outpatient,5971
60.0,Endoscopy,Emergency,1
60.0,Endoscopy,Inpatient,45
60.0,Endoscopy,Other/Unknown,74
60.0,Endoscopy,Outpatient,22
60.0,MRI,Emergency,217
60.0,MRI,GP,848
60.0,MRI,Inpatient,770
60.0,MRI,Other/Unknown,106
60.0,MRI,Outpatient,4696
61.0,CT,Emergency,2545
61.0,CT,GP,1191
61.0,CT,Inpatient,2254
61.0,CT,Other/Unknown,124
61.0,CT,Outpatient,5992
61.0,Endoscopy,Inpatient,50
61.0,Endoscopy,Other/Unknown,62
61.0,Endoscopy,Outpatient,12
61.0,MRI,Emergency,187
61.0,MRI,GP,881
61.0,MRI,Inpatient,748
61.0,MRI,Other/Unknown,79
61.0,MRI,Outpatient,4468
62.0,CT,Emergency,2539
62.0,CT,GP,1140
62.0,CT,Inpatient,2153
62.0,CT,Other/Unknown,136
62.0,CT,Outpatient,6363
62.0,Endoscopy,Inpatient,53
62.0,Endoscopy,Other/Unknown,92
62.0,Endoscopy,Outpatient,22
62.0,MRI,Emergency,189
62.0,MRI,GP,833
62.0,MRI,Inpatient,705
62.0,MRI,Other/Unknown,99
62.0,MRI,Outpatient,4648
63.0,CT,Emergency,2528
63.0,CT,GP,1129
63.0,CT,Inpatient,2187
63.0,CT,Other/Unknown,113
63.0,CT,Outpatient,6394
63.0,Endoscopy,Inpatient,49
63.0,Endoscopy,Other/Unknown,92
63.0,Endoscopy,Outpatient,27
63.0,MRI,Emergency,198
63.0,MRI,GP,862
63.0,MRI,Inpatient,783
63.0,MRI,Other/Unknown,102
63.0,MRI,Outpatient,4401
64.0,CT,Emergency,2442
64.0,CT,GP,1140
64.0,CT,Inpatient,2280
64.0,CT,Other/Unknown,128
64.0,CT,Outpatient,6687
64.0,Endoscopy,Inpatient,49
64.0,Endoscopy,Other/Unknown,69
64.0,Endoscopy,Outpatient,19
64.0,MRI,Emergency,180
64.0,MRI,GP,763
64.0,MRI,Inpatient,808
64.0,MRI,Other/Unknown,80
64.0,MRI,Outpatient,4279
65.0,CT,Emergency,2422
65.0,CT,GP,1178
65.0,CT,Inpatient,2312
65.0,CT,Other/Unknown,128
65.0,CT,Outpatient,6676
65.0,Endoscopy,Emergency,1
65.0,Endoscopy,Inpatient,39
65.0,Endoscopy,Other/Unknown,75
65.0,Endoscopy,Outpatient,34
65.0,MRI,Emergency,129
65.0,MRI,GP,793
65.0,MRI,Inpatient,691
65.0,MRI,Other/Unknown,101
65.0,MRI,Outpatient,4218
66.0,CT,Emergency,2591
66.0,CT,GP,1140
66.0,CT,Inpatient,2485
66.0,CT,Other/Unknown,108
66.0,CT,Outpatient,6742
66.0,Endoscopy,Emergency,3
66.0,Endoscopy,Inpatient,60
66.0,Endoscopy,Other/Unknown,79
66.0,Endoscopy,Outpatient,22
66.0,MRI,Emergency,146
66.0,MRI,GP,733
66.0,MRI,Inpatient,764
66.0,MRI,Other/Unknown,90
66.0,MRI,Outpatient,4472
67.0,CT,Emergency,2627
67.0,CT,GP,1191
67.0,CT,Inpatient,2458
67.0,CT,Other/Unknown,105
67.0,CT,Outpatient,6895
67.0,Endoscopy,Inpatient,46
67.0,Endoscopy,Other/Unknown,83
67.0,Endoscopy,Outpatient,22
67.0,MRI,Emergency,149
67.0,MRI,GP,755
67.0,MRI,Inpatient,793
67.0,MRI,Other/Unknown,89
67.0,MRI,Outpatient,4118
68.0,CT,Emergency,2477
68.0,CT,GP,1182
68.0,CT,Inpatient,2444
68.0,CT,Other/Unknown,114
68.0,CT,Outpatient,6897
68.0,Endoscopy,Inpatient,52
68.0,Endoscopy,Other/Unknown,84
68.0,Endoscopy,Outpatient,31
68.0,MRI,Emergency,129
68.0,MRI,GP,706
68.0,MRI,Inpatient,825
68.0,MRI,Other/Unknown,80
68.0,MRI,Outpatient,4076
69.0,CT,Emergency,2432
69.0,CT,GP,1164
69.0,CT,Inpatient,2308
69.0,CT,Other/Unknown,128
69.0,CT,Outpatient,6846
69.0,Endoscopy,Inpatient,67
69.0,Endoscopy,Other/Unknown,61
69.0,Endoscopy,Outpatient,20
69.0,MRI,Emergency,133
69.0,MRI,GP,640
69.0,MRI,Inpatient,739
69.0,MRI,Other/Unknown,85
69.0,MRI,Outpatient,3937
70.0,CT,Emergency,2768
70.0,CT,GP,1142
70.0,CT,Inpatient,2673
70.0,CT,Other/Unknown,151
70.0,CT,Outpatient,7366
70.0,Endoscopy,Inpatient,57
70.0,Endoscopy,Other/Unknown,82
70.0,Endoscopy,Outpatient,34
70.0,MRI,Emergency,139
70.0,MRI,GP,658
70.0,MRI,Inpatient,797
70.0,MRI,Other/Unknown,71
70.0,MRI,Outpatient,3897
71.0,CT,Emergency,2951
71.0,CT,GP,1268
71.0,CT,Inpatient,2660
71.0,CT,Other/Unknown,136
71.0,CT,Outpatient,7387
71.0,Endoscopy,GP,1
71.0,Endoscopy,Inpatient,87
71.0,Endoscopy,Other/Unknown,93
71.0,Endoscopy,Outpatient,34
71.0,MRI,Emergency,127
71.0,MRI,GP,634
71.0,MRI,Inpatient,903
71.0,MRI,Other/Unknown,93
71.0,MRI,Outpatient,3775
72.0,CT,Emergency,2884
72.0,CT,GP,1287
72.0,CT,Inpatient,2670
72.0,CT,Other/Unknown,137
72.0,CT,Outpatient,7503
72.0,Endoscopy,Emergency,1
72.0,Endoscopy,Inpatient,64
72.0,Endoscopy,Other/Unknown,96
72.0,Endoscopy,Outpatient,35
72.0,MRI,Emergency,148
72.0,MRI,GP,632
72.0,MRI,Inpatient,846
72.0,MRI,Other/Unknown,105
72.0,MRI,Outpatient,3784
73.0,CT,Emergency,3090
73.0,CT,GP,1382
73.0,CT,Inpatient,2986
73.0,CT,Other/Unknown,144
73.0,CT,Outpatient,7832
73.0,Endoscopy,Inpatient,81
73.0,Endoscopy,Other/Unknown,94
73.0,Endoscopy,Outpatient,36
73.0,MRI,Emergency,149
73.0,MRI,GP,670
73.0,MRI,Inpatient,906
73.0,MRI,Other/Unknown,74
73.0,MRI,Outpatient,3760
74.0,CT,Emergency,3350
74.0,CT,GP,1432
74.0,CT,Inpatient,3076
74.0,CT,Other/Unknown,168
74.0,CT,Outpatient,8158
74.0,Endoscopy,Emergency,1
74.0,Endoscopy,Inpatient,84
74.0,Endoscopy,Other/Unknown,89
74.0,Endoscopy,Outpatient,40
74.0,MRI,Emergency,137
74.0,MRI,GP,637
74.0,MRI,Inpatient,885
74.0,MRI,Other/Unknown,78
74.0,MRI,Outpatient,3790
75.0,CT,Emergency,3781
75.0,CT,GP,1486
75.0,CT,Inpatient,3419
75.0,CT,Other/Unknown,125
75.0,CT,Outpatient,7854
75.0,Endoscopy,Inpatient,94
75.0,Endoscopy,Other/Unknown,83
75.0,Endoscopy,Outpatient,29
75.0,MRI,Emergency,153
75.0,MRI,GP,705
75.0,MRI,Inpatient,1025
75.0,MRI,Other/Unknown,69
75.0,MRI,Outpatient,3969
76.0,CT,Emergency,4112
76.0,CT,GP,1698
76.0,CT,Inpatient,3641
76.0,CT,Other/Unknown,182
76.0,CT,Outpatient,8328
76.0,Endoscopy,Inpatient,96
76.0,Endoscopy,Other/Unknown,113
76.0,Endoscopy,Outpatient,57
76.0,MRI,Emergency,178
76.0,MRI,GP,705
76.0,MRI,Inpatient,1094
76.0,MRI,Other/Unknown,105
76.0,MRI,Outpatient,4085
77.0,CT,Emergency,4869
77.0,CT,GP,1787
77.0,CT,Inpatient,4220
77.0,CT,Other/Unknown,219
77.0,CT,Outpatient,8995
77.0,Endoscopy,Emergency,1
77.0,Endoscopy,Inpatient,95
77.0,Endoscopy,Other/Unknown,110
77.0,Endoscopy,Outpatient,40
77.0,MRI,Emergency,199
77.0,MRI,GP,737
77.0,MRI,Inpatient,1263
77.0,MRI,Other/Unknown,82
77.0,MRI,Outpatient,4218
78.0,CT,Emergency,4006
78.0,CT,GP,1455
78.0,CT,Inpatient,3397
78.0,CT,Other/Unknown,154
78.0,CT,Outpatient,7172
78.0,Endoscopy,Emergency,1
78.0,Endoscopy,Inpatient,73
78.0,Endoscopy,Other/Unknown,85
78.0,Endoscopy,Outpatient,27
78.0,MRI,Emergency,157
78.0,MRI,GP,591
78.0,MRI,Inpatient,1021
78.0,MRI,Other/Unknown,66
78.0,MRI,Outpatient,3309
79.0,CT,Emergency,4398
79.0,CT,GP,1488
79.0,CT,Inpatient,3614
79.0,CT,Other/Unknown,152
79.0,CT,Outpatient,6926
79.0,Endoscopy,Emergency,1
79.0,Endoscopy,Inpatient,104
79.0,Endoscopy,Other/Unknown,80
79.0,Endoscopy,Outpatient,35
79.0,MRI,Emergency,131
79.0,MRI,GP,506
79.0,MRI,Inpatient,1003
79.0,MRI,Other/Unknown,76
79.0,MRI,Outpatient,3011
80.0,CT,Emergency,4545
80.0,CT,GP,1497
80.0,CT,Inpatient,3601
80.0,CT,Other/Unknown,144
80.0,CT,Outpatient,6467
80.0,Endoscopy,Emergency,2
80.0,Endoscopy,Inpatient,93
80.0,Endoscopy,Other/Unknown,69
80.0,Endoscopy,Outpatient,26
80.0,MRI,Emergency,131
80.0,MRI,GP,463
80.0,MRI,Inpatient,903
80.0,MRI,Other/Unknown,51
80.0,MRI,Outpatient,2577
81.0,CT,Emergency,4528
81.0,CT,GP,1399
81.0,CT,Inpatient,3505
81.0,CT,Other/Unknown,141
81.0,CT,Outpatient,6004
81.0,Endoscopy,Inpatient,73
81.0,Endoscopy,Other/Unknown,76
81.0,Endoscopy,Outpatient,27
81.0,MRI,Emergency,128
81.0,MRI,GP,447
81.0,MRI,Inpatient,844
81.0,MRI,Other/Unknown,47
81.0,MRI,Outpatient,2203
82.0,CT,Emergency,4295
82.0,CT,GP,1212
82.0,CT,Inpatient,3239
82.0,CT,Other/Unknown,102
82.0,CT,Outpatient,5140
82.0,Endoscopy,Emergency,1
82.0,Endoscopy,Inpatient,63
82.0,Endoscopy,Other/Unknown,53
82.0,Endoscopy,Outpatient,22
82.0,MRI,Emergency,112
82.0,MRI,GP,334
82.0,MRI,Inpatient,799
82.0,MRI,Other/Unknown,34
82.0,MRI,Outpatient,1703
83.0,CT,Emergency,4083
83.0,CT,GP,1077
83.0,CT,Inpatient,3120
83.0,CT,Other/Unknown,89
83.0,CT,Outpatient,4382
83.0,Endoscopy,Inpatient,70
83.0,Endoscopy,Other/Unknown,53
83.0,Endoscopy,Outpatient,17
83.0,MRI,Emergency,97
83.0,MRI,GP,283
83.0,MRI,Inpatient,763
83.0,MRI,Other/Unknown,45
83.0,MRI,Outpatient,1441
84.0,CT,Emergency,4253
84.0,CT,GP,1169
84.0,CT,Inpatient,3059
84.0,CT,Other/Unknown,88
84.0,CT,Outpatient,4052
84.0,Endoscopy,Inpatient,59
84.0,Endoscopy,Other/Unknown,43
84.0,Endoscopy,Outpatient,9
84.0,MRI,Emergency,98
84.0,MRI,GP,231
84.0,MRI,Inpatient,697
84.0,MRI,Other/Unknown,33
84.0,MRI,Outpatient,1276
85.0,CT,Emergency,4295
85.0,CT,GP,1101
85.0,CT,Inpatient,3000
85.0,CT,Other/Unknown,121
85.0,CT,Outpatient,3572
85.0,Endoscopy,Emergency,1
85.0,Endoscopy,Inpatient,62
85.0,Endoscopy,Other/Unknown,54
85.0,Endoscopy,Outpatient,31
85.0,MRI,Emergency,71
85.0,MRI,GP,185
85.0,MRI,Inpatient,654
85.0,MRI,Other/Unknown,35
85.0,MRI,Outpatient,1089
86.0,CT,Emergency,4379
86.0,CT,GP,991
86.0,CT,Inpatient,2979
86.0,CT,Other/Unknown,87
86.0,CT,Outpatient,3008
86.0,Endoscopy,Inpatient,47
86.0,Endoscopy,Other/Unknown,30
86.0,Endoscopy,Outpatient,17
86.0,MRI,Emergency,87
86.0,MRI,GP,183
86.0,MRI,Inpatient,645
86.0,MRI,Other/Unknown,23
86.0,MRI,Outpatient,909
87.0,CT,Emergency,4210
87.0,CT,GP,800
87.0,CT,Inpatient,3034
87.0,CT,Other/Unknown,96
87.0,CT,Outpatient,2516
87.0,Endoscopy,Inpatient,57
87.0,Endoscopy,Other/Unknown,13
87.0,Endoscopy,Outpatient,10
87.0,MRI,Emergency,64
87.0,MRI,GP,144
87.0,MRI,Inpatient,517
87.0,MRI,Other/Unknown,32
87.0,MRI,Outpatient,714
88.0,CT,Emergency,3933
88.0,CT,GP,722
88.0,CT,Inpatient,2685
88.0,CT,Other/Unknown,92
88.0,CT,Outpatient,1941
88.0,Endoscopy,Emergency,1
88.0,Endoscopy,Inpatient,46
88.0,Endoscopy,Other/Unknown,22
88.0,Endoscopy,Outpatient,11
88.0,MRI,Emergency,60
88.0,MRI,GP,113
88.0,MRI,Inpatient,521
88.0,MRI,Other/Unknown,9
88.0,MRI,Outpatient,535
89.0,CT,Emergency,3450
89.0,CT,GP,584
89.0,CT,Inpatient,2402
89.0,CT,Other/Unknown,42
89.0,CT,Outpatient,1682
89.0,Endoscopy,Inpatient,34
89.0,Endoscopy,Other/Unknown,22
89.0,Endoscopy,Outpatient,6
89.0,MRI,Emergency,47
89.0,MRI,GP,83
89.0,MRI,Inpatient,404
89.0,MRI,Other/Unknown,6
89.0,MRI,Outpatient,358
90.0,CT,Emergency,3090
90.0,CT,GP,389
90.0,CT,Inpatient,1870
90.0,CT,Other/Unknown,49
90.0,CT,Outpatient,1085
90.0,Endoscopy,Emergency,2
90.0,Endoscopy,Inpatient,21
90.0,Endoscopy,Other/Unknown,6
90.0,Endoscopy,Outpatient,8
90.0,MRI,Emergency,26
90.0,MRI,GP,46
90.0,MRI,Inpatient,287
90.0,MRI,Other/Unknown,8
90.0,MRI,Outpatient,219
91.0,CT,Emergency,2873
91.0,CT,GP,367
91.0,CT,Inpatient,1746
91.0,CT,Other/Unknown,55
91.0,CT,Outpatient,859
91.0,Endoscopy,Inpatient,12
91.0,Endoscopy,Other/Unknown,7
91.0,Endoscopy,Outpatient,7
91.0,MRI,Emergency,20
91.0,MRI,GP,35
91.0,MRI,Inpatient,233
91.0,MRI,Other/Unknown,5
91.0,MRI,Outpatient,157
92.0,CT,Emergency,2362
92.0,CT,GP,229
92.0,CT,Inpatient,1456
92.0,CT,Other/Unknown,43
92.0,CT,Outpatient,589
92.0,Endoscopy,Inpatient,20
92.0,Endoscopy,Other/Unknown,8
92.0,Endoscopy,Outpatient,1
92.0,MRI,Emergency,15
92.0,MRI,GP,25
92.0,MRI,Inpatient,234
92.0,MRI,Other/Unknown,4
92.0,MRI,Outpatient,130
93.0,CT,Emergency,2044
93.0,CT,GP,193
93.0,CT,Inpatient,1275
93.0,CT,Other/Unknown,27
93.0,CT,Outpatient,397
93.0,Endoscopy,Inpatient,4
93.0,Endoscopy,Other/Unknown,8
93.0,Endoscopy,Outpatient,4
93.0,MRI,Emergency,10
93.0,MRI,GP,14
93.0,MRI,Inpatient,150
93.0,MRI,Other/Unknown,4
93.0,MRI,Outpatient,74
94.0,CT,Emergency,1629
94.0,CT,GP,112
94.0,CT,Inpatient,921
94.0,CT,Other/Unknown,18
94.0,CT,Outpatient,268
94.0,Endoscopy,Inpatient,6
94.0,Endoscopy,Other/Unknown,3
94.0,Endoscopy,Outpatient,2
94.0,MRI,Emergency,12
94.0,MRI,GP,16
94.0,MRI,Inpatient,116
94.0,MRI,Other/Unknown,1
94.0,MRI,Outpatient,59
95.0,CT,Emergency,1231
95.0,CT,GP,91
95.0,CT,Inpatient,673
95.0,CT,Other/Unknown,8
95.0,CT,Outpatient,183
95.0,Endoscopy,Inpatient,3
95.0,Endoscopy,Other/Unknown,4
95.0,Endoscopy,Outpatient,1
95.0,MRI,Emergency,7
95.0,MRI,GP,10
95.0,MRI,Inpatient,65
95.0,MRI,Outpatient,30
96.0,CT,Emergency,878
96.0,CT,GP,51
96.0,CT,Inpatient,465
96.0,CT,Other/Unknown,12
96.0,CT,Outpatient,99
96.0,Endoscopy,Inpatient,4
96.0,Endoscopy,Other/Unknown,3
96.0,MRI,Emergency,10
96.0,MRI,GP,1
96.0,MRI,Inpatient,50
96.0,MRI,Other/Unknown,1
96.0,MRI,Outpatient,16
97.0,CT,Emergency,602
97.0,CT,GP,35
97.0,CT,Inpatient,355
97.0,CT,Other/Unknown,9
97.0,CT,Outpatient,47
97.0,Endoscopy,Inpatient,4
97.0,MRI,Emergency,2
97.0,MRI,GP,1
97.0,MRI,Inpatient,26
97.0,MRI,Outpatient,10
98.0,CT,Emergency,419
98.0,CT,GP,13
98.0,CT,Inpatient,207
98.0,CT,Other/Unknown,1
98.0,CT,Outpatient,27
98.0,Endoscopy,Inpatient,1
98.0,MRI,Emergency,2
98.0,MRI,GP,2
98.0,MRI,Inpatient,18
98.0,MRI,Outpatient,8
99.0,CT,Emergency,275
99.0,CT,GP,5
99.0,CT,Inpatient,131
99.0,CT,Other/Unknown,6
99.0,CT,Outpatient,19
99.0,MRI,Inpatient,9
99.0,MRI,Outpatient,1
100.0,CT,Emergency,171
100.0,CT,GP,3
100.0,CT,Inpatient,58
100.0,CT,Outpatient,9
100.0,MRI,Inpatient,3
100.0,MRI,Outpatient,1
101.0,CT,Emergency,93
101.0,CT,GP,3
101.0,CT,Inpatient,35
101.0,CT,Other/Unknown,1
101.0,CT,Outpatient,8
101.0,Endoscopy,Inpatient,1
101.0,MRI,Inpatient,3
102.0,CT,Emergency,69
102.0,CT,Inpatient,27
102.0,CT,Outpatient,4
102.0,MRI,Outpatient,1
103.0,CT,Emergency,30
103.0,CT,GP,2
103.0,CT,Inpatient,30
103.0,CT,Outpatient,2
104.0,CT,Emergency,18
104.0,CT,GP,1
104.0,CT,Inpatient,7
104.0,MRI,Inpatient,1
105.0,CT,Emergency,2
105.0,CT,Inpatient,3
106.0,CT,Emergency,3
106.0,CT,Inpatient,2
107.0,CT,Emergency,1
107.0,CT,Inpatient,2
109.0,CT,Inpatient,1
109.0,MRI,Inpatient,1
